id;name;user_id;user_name;user_role
1;Personal Loan Account portal;Supervisor optimizing;embrace Re-engineered;Harbor Junctions
2;functionalities Gardens;budgetary management;Granite Avon SCSI;Ghana Soft Court
3;Checking Account;Concrete Grocery;leading edge interface;Graphical User Interface Slovakia (Slovak Republic)
4;Fresh;Facilitator Kansas Investor;payment Internal Tools;magnetic Connecticut
5;redundant North Korean Won;withdrawal;Administrator evolve;feed
6;circuit;Investment Account Assurance;Berkshire;California Cayman Islands
7;back-end;synthesizing Pakistan Rupee;RSS generating;Handcrafted Wooden Soap Kentucky deposit
8;Iceland Concrete;Money Market Account Connecticut payment;Gloves Shoes Dalasi;Gorgeous Idaho Iceland Krona
9;Dobra Cambridgeshire;synthesizing Afghani Denmark;bus Sausages synergies;repurpose Steel networks
10;Mobility;Chilean Peso Unidades de fomento standardization Savings Account;withdrawal;Division Tasty Wooden Fish
