id;name;value;description
1;Unbranded Money Market Account;orchestration Radial;connect Avon Tennessee
2;Operations Home Loan Account microchip;Lead dynamic quantify;Plaza Data
3;time-frame Progressive clear-thinking;Data User-centric;cross-platform
4;systems Intelligent;Rhode Island orchestrate;discrete Buckinghamshire Sleek Wooden Gloves
5;high-level attitude-oriented reintermediate;synthesizing parsing;ADP
6;Representative grey Factors;Ball architect;Operative Web
7;black Re-engineered rich;copying Yemeni Rial partnerships;back-end customized Upgradable
8;multi-byte online payment;virtual;deposit
9;Movies;Money Market Account Nebraska Gloves;bi-directional
10;Rustic;tan bus;Quality-focused
